version,1.4.0
info,team,Royal Challengers Bangalore
info,team,Deccan Chargers
info,gender,male
info,season,2009/10
info,date,2010/04/24
info,competition,Indian Premier League
info,venue,Dr DY Patil Sports Academy
info,city,Mumbai
info,toss_winner,Deccan Chargers
info,toss_decision,bat
info,player_of_match,A Kumble
info,umpire,RE Koertzen
info,umpire,SJA Taufel
info,reserve_umpire,SN Bandekar
info,tv_umpire,S Ravi
info,match_referee,S Venkataraghavan
info,winner,Royal Challengers Bangalore
info,winner_wickets,9
ball,1,0.1,Deccan Chargers,AC Gilchrist,MD Mishra,A Kumble,4,0,,,,,,"",""
ball,1,0.2,Deccan Chargers,AC Gilchrist,MD Mishra,A Kumble,0,0,,,,,,"",""
ball,1,0.3,Deccan Chargers,AC Gilchrist,MD Mishra,A Kumble,0,0,,,,,,"",""
ball,1,0.4,Deccan Chargers,AC Gilchrist,MD Mishra,A Kumble,0,0,,,,,,caught,AC Gilchrist
ball,1,0.5,Deccan Chargers,Anirudh Singh,MD Mishra,A Kumble,0,0,,,,,,"",""
ball,1,0.6,Deccan Chargers,Anirudh Singh,MD Mishra,A Kumble,0,0,,,,,,"",""
ball,1,1.1,Deccan Chargers,MD Mishra,Anirudh Singh,P Kumar,0,0,,,,,,lbw,MD Mishra
ball,1,1.2,Deccan Chargers,RG Sharma,Anirudh Singh,P Kumar,0,0,,,,,,"",""
ball,1,1.3,Deccan Chargers,RG Sharma,Anirudh Singh,P Kumar,0,0,,,,,,"",""
ball,1,1.4,Deccan Chargers,RG Sharma,Anirudh Singh,P Kumar,0,1,,,,1,,"",""
ball,1,1.5,Deccan Chargers,Anirudh Singh,RG Sharma,P Kumar,2,0,,,,,,"",""
ball,1,1.6,Deccan Chargers,Anirudh Singh,RG Sharma,P Kumar,1,0,,,,,,"",""
ball,1,2.1,Deccan Chargers,Anirudh Singh,RG Sharma,DW Steyn,0,0,,,,,,"",""
ball,1,2.2,Deccan Chargers,Anirudh Singh,RG Sharma,DW Steyn,0,0,,,,,,"",""
ball,1,2.3,Deccan Chargers,Anirudh Singh,RG Sharma,DW Steyn,0,0,,,,,,"",""
ball,1,2.4,Deccan Chargers,Anirudh Singh,RG Sharma,DW Steyn,0,0,,,,,,"",""
ball,1,2.5,Deccan Chargers,Anirudh Singh,RG Sharma,DW Steyn,0,1,1,,,,,"",""
ball,1,2.6,Deccan Chargers,Anirudh Singh,RG Sharma,DW Steyn,4,0,,,,,,"",""
ball,1,2.7,Deccan Chargers,Anirudh Singh,RG Sharma,DW Steyn,1,0,,,,,,"",""
ball,1,3.1,Deccan Chargers,Anirudh Singh,RG Sharma,P Kumar,1,0,,,,,,"",""
ball,1,3.2,Deccan Chargers,RG Sharma,Anirudh Singh,P Kumar,0,0,,,,,,caught,RG Sharma
ball,1,3.3,Deccan Chargers,A Symonds,Anirudh Singh,P Kumar,0,0,,,,,,"",""
ball,1,3.4,Deccan Chargers,A Symonds,Anirudh Singh,P Kumar,0,0,,,,,,"",""
ball,1,3.5,Deccan Chargers,A Symonds,Anirudh Singh,P Kumar,0,0,,,,,,"",""
ball,1,3.6,Deccan Chargers,A Symonds,Anirudh Singh,P Kumar,0,0,,,,,,"",""
ball,1,4.1,Deccan Chargers,Anirudh Singh,A Symonds,DW Steyn,0,1,1,,,,,"",""
ball,1,4.2,Deccan Chargers,Anirudh Singh,A Symonds,DW Steyn,0,0,,,,,,"",""
ball,1,4.3,Deccan Chargers,Anirudh Singh,A Symonds,DW Steyn,0,0,,,,,,"",""
ball,1,4.4,Deccan Chargers,Anirudh Singh,A Symonds,DW Steyn,0,0,,,,,,"",""
ball,1,4.5,Deccan Chargers,Anirudh Singh,A Symonds,DW Steyn,0,0,,,,,,"",""
ball,1,4.6,Deccan Chargers,Anirudh Singh,A Symonds,DW Steyn,4,0,,,,,,"",""
ball,1,4.7,Deccan Chargers,Anirudh Singh,A Symonds,DW Steyn,0,0,,,,,,"",""
ball,1,5.1,Deccan Chargers,A Symonds,Anirudh Singh,P Kumar,0,0,,,,,,"",""
ball,1,5.2,Deccan Chargers,A Symonds,Anirudh Singh,P Kumar,1,0,,,,,,"",""
ball,1,5.3,Deccan Chargers,Anirudh Singh,A Symonds,P Kumar,4,0,,,,,,"",""
ball,1,5.4,Deccan Chargers,Anirudh Singh,A Symonds,P Kumar,1,0,,,,,,"",""
ball,1,5.5,Deccan Chargers,A Symonds,Anirudh Singh,P Kumar,1,0,,,,,,"",""
ball,1,5.6,Deccan Chargers,Anirudh Singh,A Symonds,P Kumar,0,0,,,,,,"",""
ball,1,6.1,Deccan Chargers,A Symonds,Anirudh Singh,DW Steyn,0,0,,,,,,caught,A Symonds
ball,1,6.2,Deccan Chargers,DR Smith,Anirudh Singh,DW Steyn,0,0,,,,,,"",""
ball,1,6.3,Deccan Chargers,DR Smith,Anirudh Singh,DW Steyn,0,0,,,,,,"",""
ball,1,6.4,Deccan Chargers,DR Smith,Anirudh Singh,DW Steyn,0,0,,,,,,"",""
ball,1,6.5,Deccan Chargers,DR Smith,Anirudh Singh,DW Steyn,0,0,,,,,,"",""
ball,1,6.6,Deccan Chargers,DR Smith,Anirudh Singh,DW Steyn,0,0,,,,,,"",""
ball,1,7.1,Deccan Chargers,Anirudh Singh,DR Smith,P Kumar,1,0,,,,,,"",""
ball,1,7.2,Deccan Chargers,DR Smith,Anirudh Singh,P Kumar,1,0,,,,,,"",""
ball,1,7.3,Deccan Chargers,Anirudh Singh,DR Smith,P Kumar,1,0,,,,,,"",""
ball,1,7.4,Deccan Chargers,DR Smith,Anirudh Singh,P Kumar,4,0,,,,,,"",""
ball,1,7.5,Deccan Chargers,DR Smith,Anirudh Singh,P Kumar,0,0,,,,,,"",""
ball,1,7.6,Deccan Chargers,DR Smith,Anirudh Singh,P Kumar,0,0,,,,,,"",""
ball,1,8.1,Deccan Chargers,Anirudh Singh,DR Smith,A Kumble,1,0,,,,,,"",""
ball,1,8.2,Deccan Chargers,DR Smith,Anirudh Singh,A Kumble,0,0,,,,,,bowled,DR Smith
ball,1,8.3,Deccan Chargers,Y Venugopal Rao,Anirudh Singh,A Kumble,0,0,,,,,,"",""
ball,1,8.4,Deccan Chargers,Y Venugopal Rao,Anirudh Singh,A Kumble,0,0,,,,,,"",""
ball,1,8.5,Deccan Chargers,Y Venugopal Rao,Anirudh Singh,A Kumble,0,0,,,,,,"",""
ball,1,8.6,Deccan Chargers,Y Venugopal Rao,Anirudh Singh,A Kumble,6,0,,,,,,"",""
ball,1,9.1,Deccan Chargers,Anirudh Singh,Y Venugopal Rao,ND Doshi,1,0,,,,,,"",""
ball,1,9.2,Deccan Chargers,Y Venugopal Rao,Anirudh Singh,ND Doshi,0,0,,,,,,"",""
ball,1,9.3,Deccan Chargers,Y Venugopal Rao,Anirudh Singh,ND Doshi,0,0,,,,,,"",""
ball,1,9.4,Deccan Chargers,Y Venugopal Rao,Anirudh Singh,ND Doshi,0,0,,,,,,"",""
ball,1,9.5,Deccan Chargers,Y Venugopal Rao,Anirudh Singh,ND Doshi,1,0,,,,,,"",""
ball,1,9.6,Deccan Chargers,Anirudh Singh,Y Venugopal Rao,ND Doshi,0,0,,,,,,"",""
ball,1,10.1,Deccan Chargers,Y Venugopal Rao,Anirudh Singh,A Kumble,1,0,,,,,,"",""
ball,1,10.2,Deccan Chargers,Anirudh Singh,Y Venugopal Rao,A Kumble,1,0,,,,,,"",""
ball,1,10.3,Deccan Chargers,Y Venugopal Rao,Anirudh Singh,A Kumble,1,0,,,,,,"",""
ball,1,10.4,Deccan Chargers,Anirudh Singh,Y Venugopal Rao,A Kumble,0,0,,,,,,"",""
ball,1,10.5,Deccan Chargers,Anirudh Singh,Y Venugopal Rao,A Kumble,1,0,,,,,,"",""
ball,1,10.6,Deccan Chargers,Y Venugopal Rao,Anirudh Singh,A Kumble,1,0,,,,,,"",""
ball,1,11.1,Deccan Chargers,Y Venugopal Rao,Anirudh Singh,ND Doshi,0,0,,,,,,"",""
ball,1,11.2,Deccan Chargers,Y Venugopal Rao,Anirudh Singh,ND Doshi,0,0,,,,,,"",""
ball,1,11.3,Deccan Chargers,Y Venugopal Rao,Anirudh Singh,ND Doshi,1,0,,,,,,"",""
ball,1,11.4,Deccan Chargers,Anirudh Singh,Y Venugopal Rao,ND Doshi,0,1,1,,,,,"",""
ball,1,11.5,Deccan Chargers,Anirudh Singh,Y Venugopal Rao,ND Doshi,1,0,,,,,,"",""
ball,1,11.6,Deccan Chargers,Y Venugopal Rao,Anirudh Singh,ND Doshi,0,0,,,,,,"",""
ball,1,11.7,Deccan Chargers,Y Venugopal Rao,Anirudh Singh,ND Doshi,1,0,,,,,,"",""
ball,1,12.1,Deccan Chargers,Y Venugopal Rao,Anirudh Singh,KP Pietersen,4,0,,,,,,"",""
ball,1,12.2,Deccan Chargers,Y Venugopal Rao,Anirudh Singh,KP Pietersen,0,0,,,,,,"",""
ball,1,12.3,Deccan Chargers,Y Venugopal Rao,Anirudh Singh,KP Pietersen,1,0,,,,,,"",""
ball,1,12.4,Deccan Chargers,Anirudh Singh,Y Venugopal Rao,KP Pietersen,4,0,,,,,,"",""
ball,1,12.5,Deccan Chargers,Anirudh Singh,Y Venugopal Rao,KP Pietersen,0,0,,,,,,"",""
ball,1,12.6,Deccan Chargers,Anirudh Singh,Y Venugopal Rao,KP Pietersen,1,0,,,,,,"",""
ball,1,13.1,Deccan Chargers,Anirudh Singh,Y Venugopal Rao,ND Doshi,0,0,,,,,,"",""
ball,1,13.2,Deccan Chargers,Anirudh Singh,Y Venugopal Rao,ND Doshi,1,0,,,,,,"",""
ball,1,13.3,Deccan Chargers,Y Venugopal Rao,Anirudh Singh,ND Doshi,1,0,,,,,,"",""
ball,1,13.4,Deccan Chargers,Anirudh Singh,Y Venugopal Rao,ND Doshi,6,0,,,,,,"",""
ball,1,13.5,Deccan Chargers,Anirudh Singh,Y Venugopal Rao,ND Doshi,0,0,,,,,,"",""
ball,1,13.6,Deccan Chargers,Anirudh Singh,Y Venugopal Rao,ND Doshi,2,0,,,,,,"",""
ball,1,14.1,Deccan Chargers,Y Venugopal Rao,Anirudh Singh,B Akhil,0,0,,,,,,"",""
ball,1,14.2,Deccan Chargers,Y Venugopal Rao,Anirudh Singh,B Akhil,1,0,,,,,,"",""
ball,1,14.3,Deccan Chargers,Anirudh Singh,Y Venugopal Rao,B Akhil,1,0,,,,,,"",""
ball,1,14.4,Deccan Chargers,Y Venugopal Rao,Anirudh Singh,B Akhil,0,0,,,,,,"",""
ball,1,14.5,Deccan Chargers,Y Venugopal Rao,Anirudh Singh,B Akhil,4,0,,,,,,"",""
ball,1,14.6,Deccan Chargers,Y Venugopal Rao,Anirudh Singh,B Akhil,0,0,,,,,,"",""
ball,1,15.1,Deccan Chargers,Anirudh Singh,Y Venugopal Rao,JH Kallis,0,0,,,,,,bowled,Anirudh Singh
ball,1,15.2,Deccan Chargers,RJ Harris,Y Venugopal Rao,JH Kallis,1,0,,,,,,"",""
ball,1,15.3,Deccan Chargers,Y Venugopal Rao,RJ Harris,JH Kallis,1,0,,,,,,"",""
ball,1,15.4,Deccan Chargers,RJ Harris,Y Venugopal Rao,JH Kallis,0,0,,,,,,"",""
ball,1,15.5,Deccan Chargers,RJ Harris,Y Venugopal Rao,JH Kallis,0,0,,,,,,"",""
ball,1,15.6,Deccan Chargers,RJ Harris,Y Venugopal Rao,JH Kallis,1,0,,,,,,"",""
ball,1,16.1,Deccan Chargers,RJ Harris,Y Venugopal Rao,ND Doshi,0,0,,,,,,"",""
ball,1,16.2,Deccan Chargers,RJ Harris,Y Venugopal Rao,ND Doshi,1,0,,,,,,"",""
ball,1,16.3,Deccan Chargers,Y Venugopal Rao,RJ Harris,ND Doshi,0,0,,,,,,caught,Y Venugopal Rao
ball,1,16.4,Deccan Chargers,RJ Harris,R Sharma,ND Doshi,0,0,,,,,,"",""
ball,1,16.5,Deccan Chargers,RJ Harris,R Sharma,ND Doshi,0,0,,,,,,"",""
ball,1,16.6,Deccan Chargers,RJ Harris,R Sharma,ND Doshi,0,0,,,,,,"",""
ball,1,17.1,Deccan Chargers,R Sharma,RJ Harris,JH Kallis,0,0,,,,,,"",""
ball,1,17.2,Deccan Chargers,R Sharma,RJ Harris,JH Kallis,0,0,,,,,,"",""
ball,1,17.3,Deccan Chargers,R Sharma,RJ Harris,JH Kallis,0,0,,,,,,"",""
ball,1,17.4,Deccan Chargers,R Sharma,RJ Harris,JH Kallis,0,0,,,,,,"",""
ball,1,17.5,Deccan Chargers,R Sharma,RJ Harris,JH Kallis,0,0,,,,,,"",""
ball,1,17.6,Deccan Chargers,R Sharma,RJ Harris,JH Kallis,0,0,,,,,,bowled,R Sharma
ball,1,18.1,Deccan Chargers,RJ Harris,Harmeet Singh,A Kumble,0,0,,,,,,lbw,RJ Harris
ball,1,18.2,Deccan Chargers,PP Ojha,Harmeet Singh,A Kumble,0,0,,,,,,"",""
ball,1,18.3,Deccan Chargers,PP Ojha,Harmeet Singh,A Kumble,0,0,,,,,,caught,PP Ojha
ball,2,0.1,Royal Challengers Bangalore,JH Kallis,R Dravid,RJ Harris,2,0,,,,,,"",""
ball,2,0.2,Royal Challengers Bangalore,JH Kallis,R Dravid,RJ Harris,4,0,,,,,,"",""
ball,2,0.3,Royal Challengers Bangalore,JH Kallis,R Dravid,RJ Harris,0,0,,,,,,"",""
ball,2,0.4,Royal Challengers Bangalore,JH Kallis,R Dravid,RJ Harris,0,0,,,,,,"",""
ball,2,0.5,Royal Challengers Bangalore,JH Kallis,R Dravid,RJ Harris,0,0,,,,,,"",""
ball,2,0.6,Royal Challengers Bangalore,JH Kallis,R Dravid,RJ Harris,0,0,,,,,,"",""
ball,2,1.1,Royal Challengers Bangalore,R Dravid,JH Kallis,A Symonds,1,0,,,,,,"",""
ball,2,1.2,Royal Challengers Bangalore,JH Kallis,R Dravid,A Symonds,1,0,,,,,,"",""
ball,2,1.3,Royal Challengers Bangalore,R Dravid,JH Kallis,A Symonds,1,0,,,,,,"",""
ball,2,1.4,Royal Challengers Bangalore,JH Kallis,R Dravid,A Symonds,4,0,,,,,,"",""
ball,2,1.5,Royal Challengers Bangalore,JH Kallis,R Dravid,A Symonds,0,0,,,,,,"",""
ball,2,1.6,Royal Challengers Bangalore,JH Kallis,R Dravid,A Symonds,0,1,,,,1,,"",""
ball,2,2.1,Royal Challengers Bangalore,JH Kallis,R Dravid,RJ Harris,0,0,,,,,,"",""
ball,2,2.2,Royal Challengers Bangalore,JH Kallis,R Dravid,RJ Harris,0,0,,,,,,"",""
ball,2,2.3,Royal Challengers Bangalore,JH Kallis,R Dravid,RJ Harris,0,0,,,,,,"",""
ball,2,2.4,Royal Challengers Bangalore,JH Kallis,R Dravid,RJ Harris,0,0,,,,,,"",""
ball,2,2.5,Royal Challengers Bangalore,JH Kallis,R Dravid,RJ Harris,0,0,,,,,,"",""
ball,2,2.6,Royal Challengers Bangalore,JH Kallis,R Dravid,RJ Harris,1,0,,,,,,"",""
ball,2,3.1,Royal Challengers Bangalore,JH Kallis,R Dravid,A Symonds,0,0,,,,,,"",""
ball,2,3.2,Royal Challengers Bangalore,JH Kallis,R Dravid,A Symonds,1,0,,,,,,"",""
ball,2,3.3,Royal Challengers Bangalore,R Dravid,JH Kallis,A Symonds,4,0,,,,,,"",""
ball,2,3.4,Royal Challengers Bangalore,R Dravid,JH Kallis,A Symonds,1,0,,,,,,"",""
ball,2,3.5,Royal Challengers Bangalore,JH Kallis,R Dravid,A Symonds,0,0,,,,,,"",""
ball,2,3.6,Royal Challengers Bangalore,JH Kallis,R Dravid,A Symonds,0,0,,,,,,"",""
ball,2,4.1,Royal Challengers Bangalore,R Dravid,JH Kallis,PP Ojha,0,0,,,,,,"",""
ball,2,4.2,Royal Challengers Bangalore,R Dravid,JH Kallis,PP Ojha,0,0,,,,,,"",""
ball,2,4.3,Royal Challengers Bangalore,R Dravid,JH Kallis,PP Ojha,4,0,,,,,,"",""
ball,2,4.4,Royal Challengers Bangalore,R Dravid,JH Kallis,PP Ojha,0,0,,,,,,"",""
ball,2,4.5,Royal Challengers Bangalore,R Dravid,JH Kallis,PP Ojha,1,0,,,,,,"",""
ball,2,4.6,Royal Challengers Bangalore,JH Kallis,R Dravid,PP Ojha,0,0,,,,,,"",""
ball,2,5.1,Royal Challengers Bangalore,R Dravid,JH Kallis,RJ Harris,1,0,,,,,,"",""
ball,2,5.2,Royal Challengers Bangalore,JH Kallis,R Dravid,RJ Harris,0,0,,,,,,"",""
ball,2,5.3,Royal Challengers Bangalore,JH Kallis,R Dravid,RJ Harris,4,0,,,,,,"",""
ball,2,5.4,Royal Challengers Bangalore,JH Kallis,R Dravid,RJ Harris,0,1,1,,,,,"",""
ball,2,5.5,Royal Challengers Bangalore,JH Kallis,R Dravid,RJ Harris,0,0,,,,,,"",""
ball,2,5.6,Royal Challengers Bangalore,JH Kallis,R Dravid,RJ Harris,0,0,,,,,,"",""
ball,2,5.7,Royal Challengers Bangalore,JH Kallis,R Dravid,RJ Harris,1,0,,,,,,"",""
ball,2,6.1,Royal Challengers Bangalore,JH Kallis,R Dravid,PP Ojha,0,0,,,,,,"",""
ball,2,6.2,Royal Challengers Bangalore,JH Kallis,R Dravid,PP Ojha,0,0,,,,,,"",""
ball,2,6.3,Royal Challengers Bangalore,JH Kallis,R Dravid,PP Ojha,0,0,,,,,,"",""
ball,2,6.4,Royal Challengers Bangalore,JH Kallis,R Dravid,PP Ojha,0,0,,,,,,"",""
ball,2,6.5,Royal Challengers Bangalore,JH Kallis,R Dravid,PP Ojha,1,0,,,,,,"",""
ball,2,6.6,Royal Challengers Bangalore,R Dravid,JH Kallis,PP Ojha,1,0,,,,,,"",""
ball,2,7.1,Royal Challengers Bangalore,R Dravid,JH Kallis,R Sharma,1,0,,,,,,"",""
ball,2,7.2,Royal Challengers Bangalore,JH Kallis,R Dravid,R Sharma,0,0,,,,,,caught and bowled,JH Kallis
ball,2,7.3,Royal Challengers Bangalore,KP Pietersen,R Dravid,R Sharma,4,0,,,,,,"",""
ball,2,7.4,Royal Challengers Bangalore,KP Pietersen,R Dravid,R Sharma,1,0,,,,,,"",""
ball,2,7.5,Royal Challengers Bangalore,R Dravid,KP Pietersen,R Sharma,1,0,,,,,,"",""
ball,2,7.6,Royal Challengers Bangalore,KP Pietersen,R Dravid,R Sharma,0,0,,,,,,"",""
ball,2,8.1,Royal Challengers Bangalore,R Dravid,KP Pietersen,A Symonds,0,0,,,,,,"",""
ball,2,8.2,Royal Challengers Bangalore,R Dravid,KP Pietersen,A Symonds,0,0,,,,,,"",""
ball,2,8.3,Royal Challengers Bangalore,R Dravid,KP Pietersen,A Symonds,0,0,,,,,,"",""
ball,2,8.4,Royal Challengers Bangalore,R Dravid,KP Pietersen,A Symonds,1,0,,,,,,"",""
ball,2,8.5,Royal Challengers Bangalore,KP Pietersen,R Dravid,A Symonds,2,0,,,,,,"",""
ball,2,8.6,Royal Challengers Bangalore,KP Pietersen,R Dravid,A Symonds,1,0,,,,,,"",""
ball,2,9.1,Royal Challengers Bangalore,KP Pietersen,R Dravid,R Sharma,0,0,,,,,,"",""
ball,2,9.2,Royal Challengers Bangalore,KP Pietersen,R Dravid,R Sharma,0,1,,,1,,,"",""
ball,2,9.3,Royal Challengers Bangalore,R Dravid,KP Pietersen,R Sharma,1,0,,,,,,"",""
ball,2,9.4,Royal Challengers Bangalore,KP Pietersen,R Dravid,R Sharma,1,0,,,,,,"",""
ball,2,9.5,Royal Challengers Bangalore,R Dravid,KP Pietersen,R Sharma,4,0,,,,,,"",""
ball,2,9.6,Royal Challengers Bangalore,R Dravid,KP Pietersen,R Sharma,0,0,,,,,,"",""
ball,2,10.1,Royal Challengers Bangalore,KP Pietersen,R Dravid,PP Ojha,0,0,,,,,,"",""
ball,2,10.2,Royal Challengers Bangalore,KP Pietersen,R Dravid,PP Ojha,1,0,,,,,,"",""
ball,2,10.3,Royal Challengers Bangalore,R Dravid,KP Pietersen,PP Ojha,1,0,,,,,,"",""
ball,2,10.4,Royal Challengers Bangalore,KP Pietersen,R Dravid,PP Ojha,1,0,,,,,,"",""
ball,2,10.5,Royal Challengers Bangalore,R Dravid,KP Pietersen,PP Ojha,0,0,,,,,,"",""
ball,2,10.6,Royal Challengers Bangalore,R Dravid,KP Pietersen,PP Ojha,4,0,,,,,,"",""
ball,2,11.1,Royal Challengers Bangalore,KP Pietersen,R Dravid,R Sharma,1,0,,,,,,"",""
ball,2,11.2,Royal Challengers Bangalore,R Dravid,KP Pietersen,R Sharma,1,0,,,,,,"",""
ball,2,11.3,Royal Challengers Bangalore,KP Pietersen,R Dravid,R Sharma,6,0,,,,,,"",""
ball,2,11.4,Royal Challengers Bangalore,KP Pietersen,R Dravid,R Sharma,1,0,,,,,,"",""
ball,2,11.5,Royal Challengers Bangalore,R Dravid,KP Pietersen,R Sharma,1,0,,,,,,"",""
ball,2,11.6,Royal Challengers Bangalore,KP Pietersen,R Dravid,R Sharma,1,0,,,,,,"",""
ball,2,12.1,Royal Challengers Bangalore,KP Pietersen,R Dravid,Harmeet Singh,0,0,,,,,,"",""
ball,2,12.2,Royal Challengers Bangalore,KP Pietersen,R Dravid,Harmeet Singh,1,0,,,,,,"",""
ball,2,12.3,Royal Challengers Bangalore,R Dravid,KP Pietersen,Harmeet Singh,4,0,,,,,,"",""
ball,2,12.4,Royal Challengers Bangalore,R Dravid,KP Pietersen,Harmeet Singh,0,0,,,,,,"",""
ball,2,12.5,Royal Challengers Bangalore,R Dravid,KP Pietersen,Harmeet Singh,1,0,,,,,,"",""
ball,2,12.6,Royal Challengers Bangalore,KP Pietersen,R Dravid,Harmeet Singh,1,0,,,,,,"",""
ball,2,13.1,Royal Challengers Bangalore,KP Pietersen,R Dravid,PP Ojha,0,0,,,,,,"",""
ball,2,13.2,Royal Challengers Bangalore,KP Pietersen,R Dravid,PP Ojha,1,0,,,,,,"",""
ball,2,13.3,Royal Challengers Bangalore,R Dravid,KP Pietersen,PP Ojha,0,0,,,,,,"",""
ball,2,13.4,Royal Challengers Bangalore,R Dravid,KP Pietersen,PP Ojha,1,0,,,,,,"",""
ball,2,13.5,Royal Challengers Bangalore,KP Pietersen,R Dravid,PP Ojha,6,0,,,,,,"",""
