version,1.4.0
info,team,Rajasthan Royals
info,team,Royal Challengers Bangalore
info,gender,male
info,season,2011
info,date,2011/05/11
info,competition,Indian Premier League
info,match_number,55
info,venue,Sawai Mansingh Stadium
info,city,Jaipur
info,toss_winner,Royal Challengers Bangalore
info,toss_decision,field
info,player_of_match,S Aravind
info,umpire,HDPK Dharmasena
info,umpire,K Hariharan
info,reserve_umpire,R Subramanian
info,tv_umpire,SJA Taufel
info,match_referee,RS Mahanama
info,winner,Royal Challengers Bangalore
info,winner_wickets,9
ball,1,0.1,Rajasthan Royals,SR Watson,R Dravid,Z Khan,0,0,,,,,,"",""
ball,1,0.2,Rajasthan Royals,SR Watson,R Dravid,Z Khan,0,1,1,,,,,"",""
ball,1,0.3,Rajasthan Royals,SR Watson,R Dravid,Z Khan,0,0,,,,,,"",""
ball,1,0.4,Rajasthan Royals,SR Watson,R Dravid,Z Khan,0,0,,,,,,"",""
ball,1,0.5,Rajasthan Royals,SR Watson,R Dravid,Z Khan,2,0,,,,,,"",""
ball,1,0.6,Rajasthan Royals,SR Watson,R Dravid,Z Khan,1,0,,,,,,"",""
ball,1,0.7,Rajasthan Royals,R Dravid,SR Watson,Z Khan,0,0,,,,,,"",""
ball,1,1.1,Rajasthan Royals,SR Watson,R Dravid,S Aravind,0,0,,,,,,"",""
ball,1,1.2,Rajasthan Royals,SR Watson,R Dravid,S Aravind,0,0,,,,,,"",""
ball,1,1.3,Rajasthan Royals,SR Watson,R Dravid,S Aravind,4,0,,,,,,"",""
ball,1,1.4,Rajasthan Royals,SR Watson,R Dravid,S Aravind,2,0,,,,,,"",""
ball,1,1.5,Rajasthan Royals,SR Watson,R Dravid,S Aravind,4,0,,,,,,"",""
ball,1,1.6,Rajasthan Royals,SR Watson,R Dravid,S Aravind,0,0,,,,,,"",""
ball,1,2.1,Rajasthan Royals,R Dravid,SR Watson,Z Khan,0,0,,,,,,"",""
ball,1,2.2,Rajasthan Royals,R Dravid,SR Watson,Z Khan,4,0,,,,,,"",""
ball,1,2.3,Rajasthan Royals,R Dravid,SR Watson,Z Khan,4,0,,,,,,"",""
ball,1,2.4,Rajasthan Royals,R Dravid,SR Watson,Z Khan,0,0,,,,,,"",""
ball,1,2.5,Rajasthan Royals,R Dravid,SR Watson,Z Khan,0,0,,,,,,"",""
ball,1,2.6,Rajasthan Royals,R Dravid,SR Watson,Z Khan,1,0,,,,,,"",""
ball,1,3.1,Rajasthan Royals,R Dravid,SR Watson,CK Langeveldt,0,1,,1,,,,"",""
ball,1,3.2,Rajasthan Royals,R Dravid,SR Watson,CK Langeveldt,0,0,,,,,,"",""
ball,1,3.3,Rajasthan Royals,R Dravid,SR Watson,CK Langeveldt,0,0,,,,,,"",""
ball,1,3.4,Rajasthan Royals,R Dravid,SR Watson,CK Langeveldt,0,0,,,,,,"",""
ball,1,3.5,Rajasthan Royals,R Dravid,SR Watson,CK Langeveldt,1,0,,,,,,"",""
ball,1,3.6,Rajasthan Royals,SR Watson,R Dravid,CK Langeveldt,0,0,,,,,,"",""
ball,1,3.7,Rajasthan Royals,SR Watson,R Dravid,CK Langeveldt,0,0,,,,,,"",""
ball,1,4.1,Rajasthan Royals,R Dravid,SR Watson,Z Khan,1,0,,,,,,"",""
ball,1,4.2,Rajasthan Royals,SR Watson,R Dravid,Z Khan,0,0,,,,,,"",""
ball,1,4.3,Rajasthan Royals,SR Watson,R Dravid,Z Khan,1,0,,,,,,"",""
ball,1,4.4,Rajasthan Royals,R Dravid,SR Watson,Z Khan,4,0,,,,,,"",""
ball,1,4.5,Rajasthan Royals,R Dravid,SR Watson,Z Khan,1,0,,,,,,"",""
ball,1,4.6,Rajasthan Royals,SR Watson,R Dravid,Z Khan,0,0,,,,,,"",""
ball,1,5.1,Rajasthan Royals,R Dravid,SR Watson,CK Langeveldt,4,0,,,,,,"",""
ball,1,5.2,Rajasthan Royals,R Dravid,SR Watson,CK Langeveldt,0,0,,,,,,"",""
ball,1,5.3,Rajasthan Royals,R Dravid,SR Watson,CK Langeveldt,1,0,,,,,,"",""
ball,1,5.4,Rajasthan Royals,SR Watson,R Dravid,CK Langeveldt,0,0,,,,,,"",""
ball,1,5.5,Rajasthan Royals,SR Watson,R Dravid,CK Langeveldt,0,0,,,,,,"",""
ball,1,5.6,Rajasthan Royals,SR Watson,R Dravid,CK Langeveldt,6,0,,,,,,"",""
ball,1,6.1,Rajasthan Royals,R Dravid,SR Watson,CH Gayle,4,0,,,,,,"",""
ball,1,6.2,Rajasthan Royals,R Dravid,SR Watson,CH Gayle,2,0,,,,,,"",""
ball,1,6.3,Rajasthan Royals,R Dravid,SR Watson,CH Gayle,0,0,,,,,,"",""
ball,1,6.4,Rajasthan Royals,R Dravid,SR Watson,CH Gayle,0,0,,,,,,"",""
ball,1,6.5,Rajasthan Royals,R Dravid,SR Watson,CH Gayle,1,0,,,,,,"",""
ball,1,6.6,Rajasthan Royals,SR Watson,R Dravid,CH Gayle,0,0,,,,,,"",""
ball,1,7.1,Rajasthan Royals,R Dravid,SR Watson,S Aravind,1,0,,,,,,"",""
ball,1,7.2,Rajasthan Royals,SR Watson,R Dravid,S Aravind,0,0,,,,,,"",""
ball,1,7.3,Rajasthan Royals,SR Watson,R Dravid,S Aravind,4,0,,,,,,"",""
ball,1,7.4,Rajasthan Royals,SR Watson,R Dravid,S Aravind,6,0,,,,,,"",""
ball,1,7.5,Rajasthan Royals,SR Watson,R Dravid,S Aravind,1,0,,,,,,"",""
ball,1,7.6,Rajasthan Royals,R Dravid,SR Watson,S Aravind,1,0,,,,,,"",""
ball,1,8.1,Rajasthan Royals,R Dravid,SR Watson,CH Gayle,1,0,,,,,,"",""
ball,1,8.2,Rajasthan Royals,SR Watson,R Dravid,CH Gayle,1,0,,,,,,"",""
ball,1,8.3,Rajasthan Royals,R Dravid,SR Watson,CH Gayle,1,0,,,,,,"",""
ball,1,8.4,Rajasthan Royals,SR Watson,R Dravid,CH Gayle,0,0,,,,,,"",""
ball,1,8.5,Rajasthan Royals,SR Watson,R Dravid,CH Gayle,0,0,,,,,,"",""
ball,1,8.6,Rajasthan Royals,SR Watson,R Dravid,CH Gayle,2,0,,,,,,"",""
ball,1,9.1,Rajasthan Royals,R Dravid,SR Watson,S Aravind,4,0,,,,,,"",""
ball,1,9.2,Rajasthan Royals,R Dravid,SR Watson,S Aravind,1,0,,,,,,"",""
ball,1,9.3,Rajasthan Royals,SR Watson,R Dravid,S Aravind,0,0,,,,,,caught,SR Watson
ball,1,9.4,Rajasthan Royals,R Dravid,AM Rahane,S Aravind,0,0,,,,,,"",""
ball,1,9.5,Rajasthan Royals,R Dravid,AM Rahane,S Aravind,0,0,,,,,,caught and bowled,R Dravid
ball,1,9.6,Rajasthan Royals,J Botha,AM Rahane,S Aravind,1,0,,,,,,"",""
ball,1,10.1,Rajasthan Royals,J Botha,AM Rahane,V Kohli,0,0,,,,,,"",""
ball,1,10.2,Rajasthan Royals,J Botha,AM Rahane,V Kohli,0,0,,,,,,"",""
ball,1,10.3,Rajasthan Royals,J Botha,AM Rahane,V Kohli,1,0,,,,,,"",""
ball,1,10.4,Rajasthan Royals,AM Rahane,J Botha,V Kohli,0,0,,,,,,"",""
ball,1,10.5,Rajasthan Royals,AM Rahane,J Botha,V Kohli,1,0,,,,,,"",""
ball,1,10.6,Rajasthan Royals,J Botha,AM Rahane,V Kohli,1,0,,,,,,"",""
ball,1,11.1,Rajasthan Royals,J Botha,AM Rahane,AA Kazi,1,0,,,,,,"",""
ball,1,11.2,Rajasthan Royals,AM Rahane,J Botha,AA Kazi,2,0,,,,,,"",""
ball,1,11.3,Rajasthan Royals,AM Rahane,J Botha,AA Kazi,1,0,,,,,,"",""
ball,1,11.4,Rajasthan Royals,J Botha,AM Rahane,AA Kazi,4,0,,,,,,"",""
ball,1,11.5,Rajasthan Royals,J Botha,AM Rahane,AA Kazi,0,0,,,,,,"",""
ball,1,11.6,Rajasthan Royals,J Botha,AM Rahane,AA Kazi,1,0,,,,,,"",""
ball,1,12.1,Rajasthan Royals,J Botha,AM Rahane,V Kohli,1,0,,,,,,"",""
ball,1,12.2,Rajasthan Royals,AM Rahane,J Botha,V Kohli,0,0,,,,,,"",""
ball,1,12.3,Rajasthan Royals,AM Rahane,J Botha,V Kohli,4,0,,,,,,"",""
ball,1,12.4,Rajasthan Royals,AM Rahane,J Botha,V Kohli,1,0,,,,,,"",""
ball,1,12.5,Rajasthan Royals,J Botha,AM Rahane,V Kohli,1,0,,,,,,"",""
ball,1,12.6,Rajasthan Royals,AM Rahane,J Botha,V Kohli,1,0,,,,,,"",""
ball,1,13.1,Rajasthan Royals,AM Rahane,J Botha,AA Kazi,6,0,,,,,,"",""
ball,1,13.2,Rajasthan Royals,AM Rahane,J Botha,AA Kazi,1,0,,,,,,"",""
ball,1,13.3,Rajasthan Royals,J Botha,AM Rahane,AA Kazi,0,1,1,,,,,"",""
ball,1,13.4,Rajasthan Royals,J Botha,AM Rahane,AA Kazi,0,0,,,,,,run out,AM Rahane
ball,1,13.5,Rajasthan Royals,LRPL Taylor,J Botha,AA Kazi,1,0,,,,,,"",""
ball,1,13.6,Rajasthan Royals,J Botha,LRPL Taylor,AA Kazi,1,0,,,,,,"",""
ball,1,13.7,Rajasthan Royals,LRPL Taylor,J Botha,AA Kazi,2,0,,,,,,"",""
ball,1,14.1,Rajasthan Royals,J Botha,LRPL Taylor,V Kohli,0,0,,,,,,"",""
ball,1,14.2,Rajasthan Royals,J Botha,LRPL Taylor,V Kohli,1,0,,,,,,"",""
ball,1,14.3,Rajasthan Royals,LRPL Taylor,J Botha,V Kohli,0,0,,,,,,"",""
ball,1,14.4,Rajasthan Royals,LRPL Taylor,J Botha,V Kohli,1,0,,,,,,"",""
ball,1,14.5,Rajasthan Royals,J Botha,LRPL Taylor,V Kohli,2,0,,,,,,"",""
ball,1,14.6,Rajasthan Royals,J Botha,LRPL Taylor,V Kohli,2,0,,,,,,"",""
ball,1,15.1,Rajasthan Royals,LRPL Taylor,J Botha,CK Langeveldt,2,0,,,,,,"",""
ball,1,15.2,Rajasthan Royals,LRPL Taylor,J Botha,CK Langeveldt,1,0,,,,,,"",""
ball,1,15.3,Rajasthan Royals,J Botha,LRPL Taylor,CK Langeveldt,1,0,,,,,,"",""
ball,1,15.4,Rajasthan Royals,LRPL Taylor,J Botha,CK Langeveldt,1,0,,,,,,"",""
ball,1,15.5,Rajasthan Royals,J Botha,LRPL Taylor,CK Langeveldt,1,0,,,,,,"",""
ball,1,15.6,Rajasthan Royals,LRPL Taylor,J Botha,CK Langeveldt,1,0,,,,,,"",""
ball,1,16.1,Rajasthan Royals,LRPL Taylor,J Botha,S Aravind,2,0,,,,,,"",""
ball,1,16.2,Rajasthan Royals,LRPL Taylor,J Botha,S Aravind,1,0,,,,,,"",""
ball,1,16.3,Rajasthan Royals,J Botha,LRPL Taylor,S Aravind,0,0,,,,,,caught,J Botha
ball,1,16.4,Rajasthan Royals,AL Menaria,LRPL Taylor,S Aravind,0,0,,,,,,"",""
ball,1,16.5,Rajasthan Royals,AL Menaria,LRPL Taylor,S Aravind,1,0,,,,,,"",""
ball,1,16.6,Rajasthan Royals,LRPL Taylor,AL Menaria,S Aravind,1,0,,,,,,"",""
ball,1,17.1,Rajasthan Royals,LRPL Taylor,AL Menaria,CK Langeveldt,0,0,,,,,,"",""
ball,1,17.2,Rajasthan Royals,LRPL Taylor,AL Menaria,CK Langeveldt,0,0,,,,,,caught,LRPL Taylor
ball,1,17.3,Rajasthan Royals,AL Menaria,AS Raut,CK Langeveldt,1,0,,,,,,"",""
ball,1,17.4,Rajasthan Royals,AS Raut,AL Menaria,CK Langeveldt,0,0,,,,,,"",""
ball,1,17.5,Rajasthan Royals,AS Raut,AL Menaria,CK Langeveldt,1,0,,,,,,"",""
ball,1,17.6,Rajasthan Royals,AL Menaria,AS Raut,CK Langeveldt,4,0,,,,,,"",""
ball,1,18.1,Rajasthan Royals,AS Raut,AL Menaria,CH Gayle,1,0,,,,,,"",""
ball,1,18.2,Rajasthan Royals,AL Menaria,AS Raut,CH Gayle,2,0,,,,,,"",""
ball,1,18.3,Rajasthan Royals,AL Menaria,AS Raut,CH Gayle,0,0,,,,,,caught,AL Menaria
ball,1,18.4,Rajasthan Royals,AS Raut,DH Yagnik,CH Gayle,1,0,,,,,,"",""
ball,1,18.5,Rajasthan Royals,DH Yagnik,AS Raut,CH Gayle,1,1,,1,,,,"",""
ball,1,18.6,Rajasthan Royals,AS Raut,DH Yagnik,CH Gayle,0,5,5,,,,,"",""
ball,1,18.7,Rajasthan Royals,AS Raut,DH Yagnik,CH Gayle,0,0,,,,,,"",""
ball,1,18.8,Rajasthan Royals,AS Raut,DH Yagnik,CH Gayle,0,0,,,,,,"",""
ball,1,19.1,Rajasthan Royals,DH Yagnik,AS Raut,Z Khan,0,1,,,,1,,"",""
ball,1,19.2,Rajasthan Royals,AS Raut,DH Yagnik,Z Khan,1,0,,,,,,"",""
ball,1,19.3,Rajasthan Royals,DH Yagnik,AS Raut,Z Khan,1,0,,,,,,"",""
ball,1,19.4,Rajasthan Royals,AS Raut,DH Yagnik,Z Khan,1,0,,,,,,"",""
ball,1,19.5,Rajasthan Royals,DH Yagnik,AS Raut,Z Khan,0,0,,,,,,"",""
ball,1,19.6,Rajasthan Royals,DH Yagnik,AS Raut,Z Khan,0,1,,,1,,,"",""
ball,2,0.1,Royal Challengers Bangalore,CH Gayle,TM Dilshan,SR Watson,1,0,,,,,,"",""
ball,2,0.2,Royal Challengers Bangalore,TM Dilshan,CH Gayle,SR Watson,0,1,1,,,,,"",""
ball,2,0.3,Royal Challengers Bangalore,TM Dilshan,CH Gayle,SR Watson,4,0,,,,,,"",""
ball,2,0.4,Royal Challengers Bangalore,TM Dilshan,CH Gayle,SR Watson,0,0,,,,,,"",""
ball,2,0.5,Royal Challengers Bangalore,TM Dilshan,CH Gayle,SR Watson,0,0,,,,,,"",""
ball,2,0.6,Royal Challengers Bangalore,TM Dilshan,CH Gayle,SR Watson,0,0,,,,,,"",""
ball,2,0.7,Royal Challengers Bangalore,TM Dilshan,CH Gayle,SR Watson,4,0,,,,,,"",""
ball,2,1.1,Royal Challengers Bangalore,CH Gayle,TM Dilshan,J Botha,0,0,,,,,,"",""
ball,2,1.2,Royal Challengers Bangalore,CH Gayle,TM Dilshan,J Botha,1,0,,,,,,"",""
ball,2,1.3,Royal Challengers Bangalore,TM Dilshan,CH Gayle,J Botha,0,0,,,,,,"",""
ball,2,1.4,Royal Challengers Bangalore,TM Dilshan,CH Gayle,J Botha,4,0,,,,,,"",""
ball,2,1.5,Royal Challengers Bangalore,TM Dilshan,CH Gayle,J Botha,1,0,,,,,,"",""
ball,2,1.6,Royal Challengers Bangalore,CH Gayle,TM Dilshan,J Botha,4,0,,,,,,"",""
ball,2,2.1,Royal Challengers Bangalore,TM Dilshan,CH Gayle,Pankaj Singh,1,0,,,,,,"",""
ball,2,2.2,Royal Challengers Bangalore,CH Gayle,TM Dilshan,Pankaj Singh,2,0,,,,,,"",""
ball,2,2.3,Royal Challengers Bangalore,CH Gayle,TM Dilshan,Pankaj Singh,0,0,,,,,,"",""
ball,2,2.4,Royal Challengers Bangalore,CH Gayle,TM Dilshan,Pankaj Singh,4,0,,,,,,"",""
ball,2,2.5,Royal Challengers Bangalore,CH Gayle,TM Dilshan,Pankaj Singh,0,1,,,1,,,"",""
ball,2,2.6,Royal Challengers Bangalore,TM Dilshan,CH Gayle,Pankaj Singh,4,0,,,,,,"",""
ball,2,3.1,Royal Challengers Bangalore,CH Gayle,TM Dilshan,J Botha,0,0,,,,,,"",""
ball,2,3.2,Royal Challengers Bangalore,CH Gayle,TM Dilshan,J Botha,1,0,,,,,,"",""
ball,2,3.3,Royal Challengers Bangalore,TM Dilshan,CH Gayle,J Botha,4,0,,,,,,"",""
ball,2,3.4,Royal Challengers Bangalore,TM Dilshan,CH Gayle,J Botha,1,0,,,,,,"",""
ball,2,3.5,Royal Challengers Bangalore,CH Gayle,TM Dilshan,J Botha,0,0,,,,,,"",""
ball,2,3.6,Royal Challengers Bangalore,CH Gayle,TM Dilshan,J Botha,4,0,,,,,,"",""
ball,2,4.1,Royal Challengers Bangalore,TM Dilshan,CH Gayle,SK Trivedi,0,0,,,,,,"",""
ball,2,4.2,Royal Challengers Bangalore,TM Dilshan,CH Gayle,SK Trivedi,0,0,,,,,,"",""
ball,2,4.3,Royal Challengers Bangalore,TM Dilshan,CH Gayle,SK Trivedi,4,0,,,,,,"",""
ball,2,4.4,Royal Challengers Bangalore,TM Dilshan,CH Gayle,SK Trivedi,4,0,,,,,,"",""
ball,2,4.5,Royal Challengers Bangalore,TM Dilshan,CH Gayle,SK Trivedi,0,0,,,,,,"",""
ball,2,4.6,Royal Challengers Bangalore,TM Dilshan,CH Gayle,SK Trivedi,0,0,,,,,,"",""
ball,2,5.1,Royal Challengers Bangalore,CH Gayle,TM Dilshan,J Botha,4,0,,,,,,"",""
ball,2,5.2,Royal Challengers Bangalore,CH Gayle,TM Dilshan,J Botha,6,0,,,,,,"",""
ball,2,5.3,Royal Challengers Bangalore,CH Gayle,TM Dilshan,J Botha,0,0,,,,,,"",""
ball,2,5.4,Royal Challengers Bangalore,CH Gayle,TM Dilshan,J Botha,0,1,,,,1,,"",""
ball,2,5.5,Royal Challengers Bangalore,TM Dilshan,CH Gayle,J Botha,4,0,,,,,,"",""
ball,2,5.6,Royal Challengers Bangalore,TM Dilshan,CH Gayle,J Botha,1,0,,,,,,"",""
ball,2,6.1,Royal Challengers Bangalore,TM Dilshan,CH Gayle,SK Warne,0,0,,,,,,"",""
ball,2,6.2,Royal Challengers Bangalore,TM Dilshan,CH Gayle,SK Warne,2,0,,,,,,"",""
ball,2,6.3,Royal Challengers Bangalore,TM Dilshan,CH Gayle,SK Warne,0,0,,,,,,"",""
ball,2,6.4,Royal Challengers Bangalore,TM Dilshan,CH Gayle,SK Warne,0,0,,,,,,caught,TM Dilshan
ball,2,6.5,Royal Challengers Bangalore,V Kohli,CH Gayle,SK Warne,1,0,,,,,,"",""
ball,2,6.6,Royal Challengers Bangalore,CH Gayle,V Kohli,SK Warne,0,0,,,,,,"",""
ball,2,7.1,Royal Challengers Bangalore,V Kohli,CH Gayle,SR Watson,1,0,,,,,,"",""
ball,2,7.2,Royal Challengers Bangalore,CH Gayle,V Kohli,SR Watson,1,0,,,,,,"",""
ball,2,7.3,Royal Challengers Bangalore,V Kohli,CH Gayle,SR Watson,0,1,1,,,,,"",""
ball,2,7.4,Royal Challengers Bangalore,V Kohli,CH Gayle,SR Watson,1,0,,,,,,"",""
ball,2,7.5,Royal Challengers Bangalore,CH Gayle,V Kohli,SR Watson,4,0,,,,,,"",""
ball,2,7.6,Royal Challengers Bangalore,CH Gayle,V Kohli,SR Watson,1,0,,,,,,"",""
ball,2,7.7,Royal Challengers Bangalore,V Kohli,CH Gayle,SR Watson,0,0,,,,,,"",""
ball,2,8.1,Royal Challengers Bangalore,CH Gayle,V Kohli,SK Warne,4,0,,,,,,"",""
ball,2,8.2,Royal Challengers Bangalore,CH Gayle,V Kohli,SK Warne,1,0,,,,,,"",""
ball,2,8.3,Royal Challengers Bangalore,V Kohli,CH Gayle,SK Warne,1,0,,,,,,"",""
ball,2,8.4,Royal Challengers Bangalore,CH Gayle,V Kohli,SK Warne,0,0,,,,,,"",""
ball,2,8.5,Royal Challengers Bangalore,CH Gayle,V Kohli,SK Warne,1,0,,,,,,"",""
ball,2,8.6,Royal Challengers Bangalore,V Kohli,CH Gayle,SK Warne,1,0,,,,,,"",""
ball,2,9.1,Royal Challengers Bangalore,V Kohli,CH Gayle,SK Trivedi,0,0,,,,,,"",""
ball,2,9.2,Royal Challengers Bangalore,V Kohli,CH Gayle,SK Trivedi,1,0,,,,,,"",""
ball,2,9.3,Royal Challengers Bangalore,CH Gayle,V Kohli,SK Trivedi,0,0,,,,,,"",""
ball,2,9.4,Royal Challengers Bangalore,CH Gayle,V Kohli,SK Trivedi,1,0,,,,,,"",""
ball,2,9.5,Royal Challengers Bangalore,V Kohli,CH Gayle,SK Trivedi,1,0,,,,,,"",""
ball,2,9.6,Royal Challengers Bangalore,CH Gayle,V Kohli,SK Trivedi,1,0,,,,,,"",""
ball,2,10.1,Royal Challengers Bangalore,CH Gayle,V Kohli,SK Warne,1,0,,,,,,"",""
ball,2,10.2,Royal Challengers Bangalore,V Kohli,CH Gayle,SK Warne,0,0,,,,,,"",""
ball,2,10.3,Royal Challengers Bangalore,V Kohli,CH Gayle,SK Warne,1,0,,,,,,"",""
ball,2,10.4,Royal Challengers Bangalore,CH Gayle,V Kohli,SK Warne,1,0,,,,,,"",""
ball,2,10.5,Royal Challengers Bangalore,V Kohli,CH Gayle,SK Warne,0,0,,,,,,"",""
ball,2,10.6,Royal Challengers Bangalore,V Kohli,CH Gayle,SK Warne,1,0,,,,,,"",""
ball,2,11.1,Royal Challengers Bangalore,V Kohli,CH Gayle,J Botha,4,0,,,,,,"",""
ball,2,11.2,Royal Challengers Bangalore,V Kohli,CH Gayle,J Botha,1,0,,,,,,"",""
ball,2,11.3,Royal Challengers Bangalore,CH Gayle,V Kohli,J Botha,1,0,,,,,,"",""
ball,2,11.4,Royal Challengers Bangalore,V Kohli,CH Gayle,J Botha,0,0,,,,,,"",""
ball,2,11.5,Royal Challengers Bangalore,V Kohli,CH Gayle,J Botha,1,0,,,,,,"",""
ball,2,11.6,Royal Challengers Bangalore,CH Gayle,V Kohli,J Botha,0,0,,,,,,"",""
ball,2,12.1,Royal Challengers Bangalore,V Kohli,CH Gayle,LRPL Taylor,1,0,,,,,,"",""
ball,2,12.2,Royal Challengers Bangalore,CH Gayle,V Kohli,LRPL Taylor,1,0,,,,,,"",""
ball,2,12.3,Royal Challengers Bangalore,V Kohli,CH Gayle,LRPL Taylor,1,0,,,,,,"",""
ball,2,12.4,Royal Challengers Bangalore,CH Gayle,V Kohli,LRPL Taylor,6,0,,,,,,"",""
ball,2,12.5,Royal Challengers Bangalore,CH Gayle,V Kohli,LRPL Taylor,1,0,,,,,,"",""
ball,2,12.6,Royal Challengers Bangalore,V Kohli,CH Gayle,LRPL Taylor,1,0,,,,,,"",""
ball,2,13.1,Royal Challengers Bangalore,V Kohli,CH Gayle,AL Menaria,0,0,,,,,,"",""
ball,2,13.2,Royal Challengers Bangalore,V Kohli,CH Gayle,AL Menaria,0,0,,,,,,"",""
ball,2,13.3,Royal Challengers Bangalore,V Kohli,CH Gayle,AL Menaria,1,0,,,,,,"",""
ball,2,13.4,Royal Challengers Bangalore,CH Gayle,V Kohli,AL Menaria,0,0,,,,,,"",""
ball,2,13.5,Royal Challengers Bangalore,CH Gayle,V Kohli,AL Menaria,1,0,,,,,,"",""
ball,2,13.6,Royal Challengers Bangalore,V Kohli,CH Gayle,AL Menaria,1,0,,,,,,"",""
ball,2,14.1,Royal Challengers Bangalore,V Kohli,CH Gayle,SK Warne,0,0,,,,,,"",""
ball,2,14.2,Royal Challengers Bangalore,V Kohli,CH Gayle,SK Warne,1,0,,,,,,"",""
ball,2,14.3,Royal Challengers Bangalore,CH Gayle,V Kohli,SK Warne,0,0,,,,,,"",""
ball,2,14.4,Royal Challengers Bangalore,CH Gayle,V Kohli,SK Warne,0,0,,,,,,"",""
ball,2,14.5,Royal Challengers Bangalore,CH Gayle,V Kohli,SK Warne,6,0,,,,,,"",""
ball,2,14.6,Royal Challengers Bangalore,CH Gayle,V Kohli,SK Warne,4,0,,,,,,"",""
ball,2,15.1,Royal Challengers Bangalore,V Kohli,CH Gayle,AL Menaria,2,0,,,,,,"",""
ball,2,15.2,Royal Challengers Bangalore,V Kohli,CH Gayle,AL Menaria,0,0,,,,,,"",""
ball,2,15.3,Royal Challengers Bangalore,V Kohli,CH Gayle,AL Menaria,4,0,,,,,,"",""
ball,2,15.4,Royal Challengers Bangalore,V Kohli,CH Gayle,AL Menaria,1,0,,,,,,"",""
ball,2,15.5,Royal Challengers Bangalore,CH Gayle,V Kohli,AL Menaria,0,0,,,,,,"",""
ball,2,15.6,Royal Challengers Bangalore,CH Gayle,V Kohli,AL Menaria,6,0,,,,,,"",""
ball,2,16.1,Royal Challengers Bangalore,V Kohli,CH Gayle,Pankaj Singh,1,0,,,,,,"",""
ball,2,16.2,Royal Challengers Bangalore,CH Gayle,V Kohli,Pankaj Singh,0,0,,,,,,"",""
ball,2,16.3,Royal Challengers Bangalore,CH Gayle,V Kohli,Pankaj Singh,1,0,,,,,,"",""
ball,2,16.4,Royal Challengers Bangalore,V Kohli,CH Gayle,Pankaj Singh,4,0,,,,,,"",""
ball,2,16.5,Royal Challengers Bangalore,V Kohli,CH Gayle,Pankaj Singh,0,0,,,,,,"",""
ball,2,16.6,Royal Challengers Bangalore,V Kohli,CH Gayle,Pankaj Singh,6,0,,,,,,"",""
