version,1.4.0
info,team,Pune Warriors
info,team,Deccan Chargers
info,gender,male
info,season,2012
info,date,2012/04/26
info,competition,Indian Premier League
info,match_number,35
info,venue,Subrata Roy Sahara Stadium
info,city,Pune
info,toss_winner,Deccan Chargers
info,toss_decision,bat
info,player_of_match,CL White
info,umpire,S Ravi
info,umpire,RJ Tucker
info,reserve_umpire,SD Ranade
info,tv_umpire,JD Cloete
info,match_referee,Raju Mukherjee
info,winner,Deccan Chargers
info,winner_runs,18
ball,1,0.1,Deccan Chargers,PA Patel,S Dhawan,A Nehra,0,0,,,,,,"",""
ball,1,0.2,Deccan Chargers,PA Patel,S Dhawan,A Nehra,4,0,,,,,,"",""
ball,1,0.3,Deccan Chargers,PA Patel,S Dhawan,A Nehra,4,0,,,,,,"",""
ball,1,0.4,Deccan Chargers,PA Patel,S Dhawan,A Nehra,0,3,,,,3,,"",""
ball,1,0.5,Deccan Chargers,S Dhawan,PA Patel,A Nehra,4,0,,,,,,"",""
ball,1,0.6,Deccan Chargers,S Dhawan,PA Patel,A Nehra,1,0,,,,,,"",""
ball,1,1.1,Deccan Chargers,S Dhawan,PA Patel,AC Thomas,1,0,,,,,,"",""
ball,1,1.2,Deccan Chargers,PA Patel,S Dhawan,AC Thomas,1,0,,,,,,"",""
ball,1,1.3,Deccan Chargers,S Dhawan,PA Patel,AC Thomas,0,0,,,,,,"",""
ball,1,1.4,Deccan Chargers,S Dhawan,PA Patel,AC Thomas,1,0,,,,,,"",""
ball,1,1.5,Deccan Chargers,PA Patel,S Dhawan,AC Thomas,0,0,,,,,,"",""
ball,1,1.6,Deccan Chargers,PA Patel,S Dhawan,AC Thomas,0,1,,,,1,,"",""
ball,1,2.1,Deccan Chargers,PA Patel,S Dhawan,MN Samuels,1,0,,,,,,"",""
ball,1,2.2,Deccan Chargers,S Dhawan,PA Patel,MN Samuels,0,0,,,,,,"",""
ball,1,2.3,Deccan Chargers,S Dhawan,PA Patel,MN Samuels,1,0,,,,,,"",""
ball,1,2.4,Deccan Chargers,PA Patel,S Dhawan,MN Samuels,1,0,,,,,,"",""
ball,1,2.5,Deccan Chargers,S Dhawan,PA Patel,MN Samuels,0,0,,,,,,"",""
ball,1,2.6,Deccan Chargers,S Dhawan,PA Patel,MN Samuels,6,0,,,,,,"",""
ball,1,3.1,Deccan Chargers,PA Patel,S Dhawan,B Kumar,1,0,,,,,,"",""
ball,1,3.2,Deccan Chargers,S Dhawan,PA Patel,B Kumar,1,0,,,,,,"",""
ball,1,3.3,Deccan Chargers,PA Patel,S Dhawan,B Kumar,1,0,,,,,,"",""
ball,1,3.4,Deccan Chargers,S Dhawan,PA Patel,B Kumar,1,0,,,,,,"",""
ball,1,3.5,Deccan Chargers,PA Patel,S Dhawan,B Kumar,6,0,,,,,,"",""
ball,1,3.6,Deccan Chargers,PA Patel,S Dhawan,B Kumar,0,0,,,,,,run out,S Dhawan
ball,1,4.1,Deccan Chargers,PA Patel,CL White,AC Thomas,4,0,,,,,,"",""
ball,1,4.2,Deccan Chargers,PA Patel,CL White,AC Thomas,0,1,,,,1,,"",""
ball,1,4.3,Deccan Chargers,CL White,PA Patel,AC Thomas,0,0,,,,,,"",""
ball,1,4.4,Deccan Chargers,CL White,PA Patel,AC Thomas,0,0,,,,,,"",""
ball,1,4.5,Deccan Chargers,CL White,PA Patel,AC Thomas,4,0,,,,,,"",""
ball,1,4.6,Deccan Chargers,CL White,PA Patel,AC Thomas,0,0,,,,,,"",""
ball,1,5.1,Deccan Chargers,PA Patel,CL White,B Kumar,0,0,,,,,,"",""
ball,1,5.2,Deccan Chargers,PA Patel,CL White,B Kumar,1,0,,,,,,"",""
ball,1,5.3,Deccan Chargers,CL White,PA Patel,B Kumar,0,0,,,,,,"",""
ball,1,5.4,Deccan Chargers,CL White,PA Patel,B Kumar,0,0,,,,,,"",""
ball,1,5.5,Deccan Chargers,CL White,PA Patel,B Kumar,1,0,,,,,,"",""
ball,1,5.6,Deccan Chargers,PA Patel,CL White,B Kumar,0,0,,,,,,caught,PA Patel
ball,1,6.1,Deccan Chargers,CL White,KC Sangakkara,R Sharma,1,0,,,,,,"",""
ball,1,6.2,Deccan Chargers,KC Sangakkara,CL White,R Sharma,0,0,,,,,,"",""
ball,1,6.3,Deccan Chargers,KC Sangakkara,CL White,R Sharma,0,0,,,,,,"",""
ball,1,6.4,Deccan Chargers,KC Sangakkara,CL White,R Sharma,1,0,,,,,,"",""
ball,1,6.5,Deccan Chargers,CL White,KC Sangakkara,R Sharma,1,0,,,,,,"",""
ball,1,6.6,Deccan Chargers,KC Sangakkara,CL White,R Sharma,0,0,,,,,,"",""
ball,1,7.1,Deccan Chargers,CL White,KC Sangakkara,A Nehra,1,0,,,,,,"",""
ball,1,7.2,Deccan Chargers,KC Sangakkara,CL White,A Nehra,0,0,,,,,,"",""
ball,1,7.3,Deccan Chargers,KC Sangakkara,CL White,A Nehra,1,0,,,,,,"",""
ball,1,7.4,Deccan Chargers,CL White,KC Sangakkara,A Nehra,1,0,,,,,,"",""
ball,1,7.5,Deccan Chargers,KC Sangakkara,CL White,A Nehra,1,0,,,,,,"",""
ball,1,7.6,Deccan Chargers,CL White,KC Sangakkara,A Nehra,1,0,,,,,,"",""
ball,1,8.1,Deccan Chargers,CL White,KC Sangakkara,R Sharma,0,0,,,,,,"",""
ball,1,8.2,Deccan Chargers,CL White,KC Sangakkara,R Sharma,6,0,,,,,,"",""
ball,1,8.3,Deccan Chargers,CL White,KC Sangakkara,R Sharma,0,0,,,,,,"",""
ball,1,8.4,Deccan Chargers,CL White,KC Sangakkara,R Sharma,0,0,,,,,,"",""
ball,1,8.5,Deccan Chargers,CL White,KC Sangakkara,R Sharma,0,0,,,,,,"",""
ball,1,8.6,Deccan Chargers,CL White,KC Sangakkara,R Sharma,0,0,,,,,,"",""
ball,1,9.1,Deccan Chargers,KC Sangakkara,CL White,MN Samuels,0,1,1,,,,,"",""
ball,1,9.2,Deccan Chargers,KC Sangakkara,CL White,MN Samuels,1,0,,,,,,"",""
ball,1,9.3,Deccan Chargers,CL White,KC Sangakkara,MN Samuels,2,0,,,,,,"",""
ball,1,9.4,Deccan Chargers,CL White,KC Sangakkara,MN Samuels,0,0,,,,,,"",""
ball,1,9.5,Deccan Chargers,CL White,KC Sangakkara,MN Samuels,1,0,,,,,,"",""
ball,1,9.6,Deccan Chargers,KC Sangakkara,CL White,MN Samuels,2,0,,,,,,"",""
ball,1,9.7,Deccan Chargers,KC Sangakkara,CL White,MN Samuels,0,0,,,,,,"",""
ball,1,10.1,Deccan Chargers,CL White,KC Sangakkara,B Kumar,1,0,,,,,,"",""
ball,1,10.2,Deccan Chargers,KC Sangakkara,CL White,B Kumar,4,0,,,,,,"",""
ball,1,10.3,Deccan Chargers,KC Sangakkara,CL White,B Kumar,1,0,,,,,,"",""
ball,1,10.4,Deccan Chargers,CL White,KC Sangakkara,B Kumar,1,0,,,,,,"",""
ball,1,10.5,Deccan Chargers,KC Sangakkara,CL White,B Kumar,1,0,,,,,,"",""
ball,1,10.6,Deccan Chargers,CL White,KC Sangakkara,B Kumar,4,0,,,,,,"",""
ball,1,11.1,Deccan Chargers,KC Sangakkara,CL White,R Sharma,0,0,,,,,,bowled,KC Sangakkara
ball,1,11.2,Deccan Chargers,JP Duminy,CL White,R Sharma,1,0,,,,,,"",""
ball,1,11.3,Deccan Chargers,CL White,JP Duminy,R Sharma,4,0,,,,,,"",""
ball,1,11.4,Deccan Chargers,CL White,JP Duminy,R Sharma,1,0,,,,,,"",""
ball,1,11.5,Deccan Chargers,JP Duminy,CL White,R Sharma,1,0,,,,,,"",""
ball,1,11.6,Deccan Chargers,CL White,JP Duminy,R Sharma,4,0,,,,,,"",""
ball,1,12.1,Deccan Chargers,JP Duminy,CL White,A Nehra,0,0,,,,,,"",""
ball,1,12.2,Deccan Chargers,JP Duminy,CL White,A Nehra,1,0,,,,,,"",""
ball,1,12.3,Deccan Chargers,CL White,JP Duminy,A Nehra,1,0,,,,,,"",""
ball,1,12.4,Deccan Chargers,JP Duminy,CL White,A Nehra,1,0,,,,,,"",""
ball,1,12.5,Deccan Chargers,CL White,JP Duminy,A Nehra,1,0,,,,,,"",""
ball,1,12.6,Deccan Chargers,JP Duminy,CL White,A Nehra,1,0,,,,,,"",""
ball,1,13.1,Deccan Chargers,JP Duminy,CL White,MN Samuels,1,0,,,,,,"",""
ball,1,13.2,Deccan Chargers,CL White,JP Duminy,MN Samuels,1,0,,,,,,"",""
ball,1,13.3,Deccan Chargers,JP Duminy,CL White,MN Samuels,1,0,,,,,,"",""
ball,1,13.4,Deccan Chargers,CL White,JP Duminy,MN Samuels,6,0,,,,,,"",""
ball,1,13.5,Deccan Chargers,CL White,JP Duminy,MN Samuels,2,0,,,,,,"",""
ball,1,13.6,Deccan Chargers,CL White,JP Duminy,MN Samuels,1,0,,,,,,"",""
ball,1,14.1,Deccan Chargers,CL White,JP Duminy,AC Thomas,1,0,,,,,,"",""
ball,1,14.2,Deccan Chargers,JP Duminy,CL White,AC Thomas,0,0,,,,,,"",""
ball,1,14.3,Deccan Chargers,JP Duminy,CL White,AC Thomas,1,0,,,,,,"",""
ball,1,14.4,Deccan Chargers,CL White,JP Duminy,AC Thomas,4,0,,,,,,"",""
ball,1,14.5,Deccan Chargers,CL White,JP Duminy,AC Thomas,1,0,,,,,,"",""
ball,1,14.6,Deccan Chargers,JP Duminy,CL White,AC Thomas,0,4,,,4,,,"",""
ball,1,15.1,Deccan Chargers,CL White,JP Duminy,R Sharma,1,0,,,,,,"",""
ball,1,15.2,Deccan Chargers,JP Duminy,CL White,R Sharma,1,0,,,,,,"",""
ball,1,15.3,Deccan Chargers,CL White,JP Duminy,R Sharma,4,0,,,,,,"",""
ball,1,15.4,Deccan Chargers,CL White,JP Duminy,R Sharma,6,0,,,,,,"",""
ball,1,15.5,Deccan Chargers,CL White,JP Duminy,R Sharma,6,0,,,,,,"",""
ball,1,15.6,Deccan Chargers,CL White,JP Duminy,R Sharma,1,0,,,,,,"",""
ball,1,16.1,Deccan Chargers,CL White,JP Duminy,B Kumar,1,0,,,,,,"",""
ball,1,16.2,Deccan Chargers,JP Duminy,CL White,B Kumar,1,0,,,,,,"",""
ball,1,16.3,Deccan Chargers,CL White,JP Duminy,B Kumar,1,0,,,,,,"",""
ball,1,16.4,Deccan Chargers,JP Duminy,CL White,B Kumar,1,0,,,,,,"",""
ball,1,16.5,Deccan Chargers,CL White,JP Duminy,B Kumar,6,0,,,,,,"",""
ball,1,16.6,Deccan Chargers,CL White,JP Duminy,B Kumar,0,0,,,,,,"",""
ball,1,17.1,Deccan Chargers,JP Duminy,CL White,MN Samuels,6,0,,,,,,"",""
ball,1,17.2,Deccan Chargers,JP Duminy,CL White,MN Samuels,1,0,,,,,,"",""
ball,1,17.3,Deccan Chargers,CL White,JP Duminy,MN Samuels,0,0,,,,,,caught,CL White
ball,1,17.4,Deccan Chargers,JP Duminy,IR Jaggi,MN Samuels,1,0,,,,,,"",""
ball,1,17.5,Deccan Chargers,IR Jaggi,JP Duminy,MN Samuels,0,1,1,,,,,"",""
ball,1,17.6,Deccan Chargers,IR Jaggi,JP Duminy,MN Samuels,1,0,,,,,,"",""
ball,1,17.7,Deccan Chargers,JP Duminy,IR Jaggi,MN Samuels,1,0,,,,,,"",""
ball,1,18.1,Deccan Chargers,JP Duminy,IR Jaggi,A Nehra,0,0,,,,,,"",""
ball,1,18.2,Deccan Chargers,JP Duminy,IR Jaggi,A Nehra,1,0,,,,,,"",""
ball,1,18.3,Deccan Chargers,IR Jaggi,JP Duminy,A Nehra,2,0,,,,,,"",""
ball,1,18.4,Deccan Chargers,IR Jaggi,JP Duminy,A Nehra,1,0,,,,,,"",""
ball,1,18.5,Deccan Chargers,JP Duminy,IR Jaggi,A Nehra,1,0,,,,,,"",""
ball,1,18.6,Deccan Chargers,IR Jaggi,JP Duminy,A Nehra,1,0,,,,,,"",""
ball,1,19.1,Deccan Chargers,IR Jaggi,JP Duminy,AC Thomas,1,0,,,,,,"",""
ball,1,19.2,Deccan Chargers,JP Duminy,IR Jaggi,AC Thomas,2,0,,,,,,"",""
ball,1,19.3,Deccan Chargers,JP Duminy,IR Jaggi,AC Thomas,1,0,,,,,,"",""
ball,1,19.4,Deccan Chargers,IR Jaggi,JP Duminy,AC Thomas,3,0,,,,,,"",""
ball,1,19.5,Deccan Chargers,JP Duminy,IR Jaggi,AC Thomas,1,0,,,,,,"",""
ball,1,19.6,Deccan Chargers,IR Jaggi,JP Duminy,AC Thomas,1,0,,,,,,"",""
ball,2,0.1,Pune Warriors,MK Pandey,JD Ryder,Ankit Sharma,0,0,,,,,,"",""
ball,2,0.2,Pune Warriors,MK Pandey,JD Ryder,Ankit Sharma,1,0,,,,,,"",""
ball,2,0.3,Pune Warriors,JD Ryder,MK Pandey,Ankit Sharma,1,0,,,,,,"",""
ball,2,0.4,Pune Warriors,MK Pandey,JD Ryder,Ankit Sharma,0,0,,,,,,"",""
ball,2,0.5,Pune Warriors,MK Pandey,JD Ryder,Ankit Sharma,0,0,,,,,,"",""
ball,2,0.6,Pune Warriors,MK Pandey,JD Ryder,Ankit Sharma,1,0,,,,,,"",""
ball,2,1.1,Pune Warriors,MK Pandey,JD Ryder,JP Duminy,1,0,,,,,,"",""
ball,2,1.2,Pune Warriors,JD Ryder,MK Pandey,JP Duminy,1,0,,,,,,"",""
ball,2,1.3,Pune Warriors,MK Pandey,JD Ryder,JP Duminy,1,0,,,,,,"",""
ball,2,1.4,Pune Warriors,JD Ryder,MK Pandey,JP Duminy,1,0,,,,,,"",""
ball,2,1.5,Pune Warriors,MK Pandey,JD Ryder,JP Duminy,4,0,,,,,,"",""
ball,2,1.6,Pune Warriors,MK Pandey,JD Ryder,JP Duminy,0,0,,,,,,"",""
ball,2,2.1,Pune Warriors,JD Ryder,MK Pandey,Ankit Sharma,4,0,,,,,,"",""
ball,2,2.2,Pune Warriors,JD Ryder,MK Pandey,Ankit Sharma,0,0,,,,,,"",""
ball,2,2.3,Pune Warriors,JD Ryder,MK Pandey,Ankit Sharma,0,0,,,,,,caught,JD Ryder
ball,2,2.4,Pune Warriors,SC Ganguly,MK Pandey,Ankit Sharma,0,0,,,,,,"",""
ball,2,2.5,Pune Warriors,SC Ganguly,MK Pandey,Ankit Sharma,4,0,,,,,,"",""
ball,2,2.6,Pune Warriors,SC Ganguly,MK Pandey,Ankit Sharma,0,0,,,,,,"",""
ball,2,3.1,Pune Warriors,MK Pandey,SC Ganguly,JP Duminy,0,0,,,,,,"",""
ball,2,3.2,Pune Warriors,MK Pandey,SC Ganguly,JP Duminy,6,0,,,,,,"",""
ball,2,3.3,Pune Warriors,MK Pandey,SC Ganguly,JP Duminy,0,0,,,,,,"",""
ball,2,3.4,Pune Warriors,MK Pandey,SC Ganguly,JP Duminy,0,1,1,,,,,"",""
ball,2,3.5,Pune Warriors,MK Pandey,SC Ganguly,JP Duminy,2,0,,,,,,"",""
ball,2,3.6,Pune Warriors,MK Pandey,SC Ganguly,JP Duminy,1,0,,,,,,"",""
ball,2,3.7,Pune Warriors,SC Ganguly,MK Pandey,JP Duminy,1,0,,,,,,"",""
ball,2,4.1,Pune Warriors,SC Ganguly,MK Pandey,MS Gony,1,0,,,,,,"",""
ball,2,4.2,Pune Warriors,MK Pandey,SC Ganguly,MS Gony,0,0,,,,,,"",""
ball,2,4.3,Pune Warriors,MK Pandey,SC Ganguly,MS Gony,0,0,,,,,,"",""
ball,2,4.4,Pune Warriors,MK Pandey,SC Ganguly,MS Gony,0,0,,,,,,"",""
ball,2,4.5,Pune Warriors,MK Pandey,SC Ganguly,MS Gony,0,1,1,,,,,"",""
ball,2,4.6,Pune Warriors,MK Pandey,SC Ganguly,MS Gony,0,1,,,,1,,"",""
ball,2,4.7,Pune Warriors,SC Ganguly,MK Pandey,MS Gony,6,0,,,,,,"",""
ball,2,5.1,Pune Warriors,MK Pandey,SC Ganguly,J Theron,4,0,,,,,,"",""
ball,2,5.2,Pune Warriors,MK Pandey,SC Ganguly,J Theron,0,0,,,,,,bowled,MK Pandey
ball,2,5.3,Pune Warriors,RV Uthappa,SC Ganguly,J Theron,0,0,,,,,,"",""
ball,2,5.4,Pune Warriors,RV Uthappa,SC Ganguly,J Theron,0,0,,,,,,"",""
ball,2,5.5,Pune Warriors,RV Uthappa,SC Ganguly,J Theron,1,0,,,,,,"",""
ball,2,5.6,Pune Warriors,SC Ganguly,RV Uthappa,J Theron,0,0,,,,,,"",""
ball,2,6.1,Pune Warriors,RV Uthappa,SC Ganguly,A Mishra,0,0,,,,,,"",""
ball,2,6.2,Pune Warriors,RV Uthappa,SC Ganguly,A Mishra,6,0,,,,,,"",""
ball,2,6.3,Pune Warriors,RV Uthappa,SC Ganguly,A Mishra,1,0,,,,,,"",""
ball,2,6.4,Pune Warriors,SC Ganguly,RV Uthappa,A Mishra,0,0,,,,,,"",""
ball,2,6.5,Pune Warriors,SC Ganguly,RV Uthappa,A Mishra,1,0,,,,,,"",""
ball,2,6.6,Pune Warriors,RV Uthappa,SC Ganguly,A Mishra,1,0,,,,,,"",""
ball,2,7.1,Pune Warriors,RV Uthappa,SC Ganguly,JP Duminy,0,0,,,,,,"",""
ball,2,7.2,Pune Warriors,RV Uthappa,SC Ganguly,JP Duminy,1,0,,,,,,"",""
ball,2,7.3,Pune Warriors,SC Ganguly,RV Uthappa,JP Duminy,0,0,,,,,,"",""
ball,2,7.4,Pune Warriors,SC Ganguly,RV Uthappa,JP Duminy,4,0,,,,,,"",""
ball,2,7.5,Pune Warriors,SC Ganguly,RV Uthappa,JP Duminy,0,0,,,,,,"",""
ball,2,7.6,Pune Warriors,SC Ganguly,RV Uthappa,JP Duminy,0,0,,,,,,"",""
ball,2,8.1,Pune Warriors,RV Uthappa,SC Ganguly,A Mishra,1,0,,,,,,"",""
ball,2,8.2,Pune Warriors,SC Ganguly,RV Uthappa,A Mishra,4,0,,,,,,"",""
ball,2,8.3,Pune Warriors,SC Ganguly,RV Uthappa,A Mishra,0,1,,,,1,,"",""
ball,2,8.4,Pune Warriors,RV Uthappa,SC Ganguly,A Mishra,4,0,,,,,,"",""
ball,2,8.5,Pune Warriors,RV Uthappa,SC Ganguly,A Mishra,1,0,,,,,,"",""
ball,2,8.6,Pune Warriors,SC Ganguly,RV Uthappa,A Mishra,0,1,1,,,,,"",""
ball,2,8.7,Pune Warriors,SC Ganguly,RV Uthappa,A Mishra,1,0,,,,,,"",""
ball,2,9.1,Pune Warriors,SC Ganguly,RV Uthappa,MS Gony,0,0,,,,,,"",""
ball,2,9.2,Pune Warriors,SC Ganguly,RV Uthappa,MS Gony,0,0,,,,,,"",""
ball,2,9.3,Pune Warriors,SC Ganguly,RV Uthappa,MS Gony,1,0,,,,,,"",""
ball,2,9.4,Pune Warriors,RV Uthappa,SC Ganguly,MS Gony,1,0,,,,,,"",""
ball,2,9.5,Pune Warriors,SC Ganguly,RV Uthappa,MS Gony,0,0,,,,,,caught,SC Ganguly
ball,2,9.6,Pune Warriors,MN Samuels,RV Uthappa,MS Gony,0,0,,,,,,"",""
ball,2,10.1,Pune Warriors,RV Uthappa,MN Samuels,A Mishra,0,0,,,,,,"",""
ball,2,10.2,Pune Warriors,RV Uthappa,MN Samuels,A Mishra,2,0,,,,,,"",""
ball,2,10.3,Pune Warriors,RV Uthappa,MN Samuels,A Mishra,1,0,,,,,,"",""
ball,2,10.4,Pune Warriors,MN Samuels,RV Uthappa,A Mishra,0,1,,,,1,,"",""
ball,2,10.5,Pune Warriors,RV Uthappa,MN Samuels,A Mishra,0,0,,,,,,"",""
ball,2,10.6,Pune Warriors,RV Uthappa,MN Samuels,A Mishra,1,0,,,,,,"",""
ball,2,11.1,Pune Warriors,RV Uthappa,MN Samuels,A Ashish Reddy,1,0,,,,,,"",""
ball,2,11.2,Pune Warriors,MN Samuels,RV Uthappa,A Ashish Reddy,1,0,,,,,,"",""
ball,2,11.3,Pune Warriors,RV Uthappa,MN Samuels,A Ashish Reddy,4,0,,,,,,"",""
ball,2,11.4,Pune Warriors,RV Uthappa,MN Samuels,A Ashish Reddy,0,0,,,,,,"",""
ball,2,11.5,Pune Warriors,RV Uthappa,MN Samuels,A Ashish Reddy,0,0,,,,,,"",""
ball,2,11.6,Pune Warriors,RV Uthappa,MN Samuels,A Ashish Reddy,1,0,,,,,,"",""
ball,2,12.1,Pune Warriors,RV Uthappa,MN Samuels,J Theron,0,0,,,,,,"",""
ball,2,12.2,Pune Warriors,RV Uthappa,MN Samuels,J Theron,1,0,,,,,,"",""
ball,2,12.3,Pune Warriors,MN Samuels,RV Uthappa,J Theron,0,0,,,,,,"",""
ball,2,12.4,Pune Warriors,MN Samuels,RV Uthappa,J Theron,0,0,,,,,,"",""
ball,2,12.5,Pune Warriors,MN Samuels,RV Uthappa,J Theron,1,0,,,,,,"",""
ball,2,12.6,Pune Warriors,RV Uthappa,MN Samuels,J Theron,1,0,,,,,,"",""
ball,2,13.1,Pune Warriors,RV Uthappa,MN Samuels,A Ashish Reddy,0,0,,,,,,bowled,RV Uthappa
ball,2,13.2,Pune Warriors,SPD Smith,MN Samuels,A Ashish Reddy,1,0,,,,,,"",""
ball,2,13.3,Pune Warriors,MN Samuels,SPD Smith,A Ashish Reddy,1,0,,,,,,"",""
ball,2,13.4,Pune Warriors,SPD Smith,MN Samuels,A Ashish Reddy,0,0,,,,,,"",""
ball,2,13.5,Pune Warriors,SPD Smith,MN Samuels,A Ashish Reddy,1,0,,,,,,"",""
ball,2,13.6,Pune Warriors,MN Samuels,SPD Smith,A Ashish Reddy,0,0,,,,,,caught,MN Samuels
ball,2,14.1,Pune Warriors,SPD Smith,M Manhas,MS Gony,1,0,,,,,,"",""
ball,2,14.2,Pune Warriors,M Manhas,SPD Smith,MS Gony,0,0,,,,,,"",""
ball,2,14.3,Pune Warriors,M Manhas,SPD Smith,MS Gony,1,0,,,,,,"",""
ball,2,14.4,Pune Warriors,SPD Smith,M Manhas,MS Gony,6,0,,,,,,"",""
ball,2,14.5,Pune Warriors,SPD Smith,M Manhas,MS Gony,1,0,,,,,,"",""
ball,2,14.6,Pune Warriors,M Manhas,SPD Smith,MS Gony,1,0,,,,,,"",""
ball,2,15.1,Pune Warriors,M Manhas,SPD Smith,A Ashish Reddy,1,0,,,,,,"",""
ball,2,15.2,Pune Warriors,SPD Smith,M Manhas,A Ashish Reddy,1,0,,,,,,"",""
ball,2,15.3,Pune Warriors,M Manhas,SPD Smith,A Ashish Reddy,1,0,,,,,,"",""
ball,2,15.4,Pune Warriors,SPD Smith,M Manhas,A Ashish Reddy,6,0,,,,,,"",""
ball,2,15.5,Pune Warriors,SPD Smith,M Manhas,A Ashish Reddy,1,0,,,,,,"",""
ball,2,15.6,Pune Warriors,M Manhas,SPD Smith,A Ashish Reddy,0,0,,,,,,"",""
ball,2,16.1,Pune Warriors,SPD Smith,M Manhas,J Theron,6,1,,1,,,,"",""
ball,2,16.2,Pune Warriors,SPD Smith,M Manhas,J Theron,1,0,,,,,,"",""
ball,2,16.3,Pune Warriors,M Manhas,SPD Smith,J Theron,1,0,,,,,,"",""
ball,2,16.4,Pune Warriors,SPD Smith,M Manhas,J Theron,1,0,,,,,,"",""
ball,2,16.5,Pune Warriors,M Manhas,SPD Smith,J Theron,1,0,,,,,,"",""
ball,2,16.6,Pune Warriors,SPD Smith,M Manhas,J Theron,0,1,1,,,,,"",""
ball,2,16.7,Pune Warriors,SPD Smith,M Manhas,J Theron,0,0,,,,,,caught,SPD Smith
ball,2,16.8,Pune Warriors,M Manhas,AC Thomas,J Theron,6,0,,,,,,"",""
ball,2,17.1,Pune Warriors,AC Thomas,M Manhas,A Ashish Reddy,2,0,,,,,,"",""
ball,2,17.2,Pune Warriors,AC Thomas,M Manhas,A Ashish Reddy,1,0,,,,,,"",""
ball,2,17.3,Pune Warriors,M Manhas,AC Thomas,A Ashish Reddy,1,0,,,,,,"",""
ball,2,17.4,Pune Warriors,AC Thomas,M Manhas,A Ashish Reddy,6,0,,,,,,"",""
ball,2,17.5,Pune Warriors,AC Thomas,M Manhas,A Ashish Reddy,1,0,,,,,,"",""
ball,2,17.6,Pune Warriors,M Manhas,AC Thomas,A Ashish Reddy,1,0,,,,,,"",""
ball,2,18.1,Pune Warriors,M Manhas,AC Thomas,J Theron,1,0,,,,,,"",""
ball,2,18.2,Pune Warriors,AC Thomas,M Manhas,J Theron,0,0,,,,,,"",""
ball,2,18.3,Pune Warriors,AC Thomas,M Manhas,J Theron,1,0,,,,,,"",""
ball,2,18.4,Pune Warriors,M Manhas,AC Thomas,J Theron,0,1,1,,,,,"",""
ball,2,18.5,Pune Warriors,M Manhas,AC Thomas,J Theron,1,0,,,,,,"",""
ball,2,18.6,Pune Warriors,AC Thomas,M Manhas,J Theron,1,0,,,,,,"",""
ball,2,18.7,Pune Warriors,M Manhas,AC Thomas,J Theron,6,0,,,,,,"",""
ball,2,19.1,Pune Warriors,AC Thomas,M Manhas,MS Gony,0,0,,,,,,"",""
ball,2,19.2,Pune Warriors,AC Thomas,M Manhas,MS Gony,0,0,,,,,,run out,AC Thomas
ball,2,19.3,Pune Warriors,B Kumar,M Manhas,MS Gony,4,0,,,,,,"",""
ball,2,19.4,Pune Warriors,B Kumar,M Manhas,MS Gony,0,0,,,,,,"",""
ball,2,19.5,Pune Warriors,B Kumar,M Manhas,MS Gony,2,0,,,,,,"",""
ball,2,19.6,Pune Warriors,B Kumar,M Manhas,MS Gony,1,0,,,,,,"",""
